{"cameraMode":{"drawMode":0,"name":"Shaded","section":"Shading Mode"},"sceneLighting":true,"audioPlay":false,"sceneViewState":{"m_AlwaysRefresh":false,"showFog":true,"showSkybox":true,"showFlares":true,"showImageEffects":true,"showParticleSystems":true,"showVisualEffectGraphs":true,"m_FxEnabled":true},"in2DMode":false,"pivot":{"x":2.010342836380005,"y":9.727295875549317,"z":2.6279971599578859},"rotation":{"x":-0.03331882879137993,"y":-0.03417133167386055,"z":0.0003667723503895104,"w":-0.9991597533226013},"size":16.60877799987793,"orthographic":false}