{"cameraMode":{"drawMode":0,"name":"Shaded","section":"Shading Mode"},"sceneLighting":false,"audioPlay":false,"sceneViewState":{"m_AlwaysRefresh":false,"showFog":true,"showSkybox":false,"showFlares":true,"showImageEffects":true,"showParticleSystems":true,"showVisualEffectGraphs":true,"m_FxEnabled":true},"in2DMode":false,"pivot":{"x":3.722475051879883,"y":-2.4497263431549074,"z":-8.49353313446045},"rotation":{"x":0.1326986849308014,"y":0.21158334612846375,"z":0.028862563893198968,"w":-0.9681084156036377},"size":0.000017320508050033823,"orthographic":false}