{"cameraMode":{"drawMode":0,"name":"Shaded","section":"Shading Mode"},"sceneLighting":false,"audioPlay":false,"sceneViewState":{"m_AlwaysRefresh":false,"showFog":true,"showSkybox":false,"showFlares":true,"showImageEffects":true,"showParticleSystems":true,"showVisualEffectGraphs":true,"m_FxEnabled":true},"in2DMode":false,"pivot":{"x":-0.1414925754070282,"y":-0.20809948444366456,"z":-7.727311611175537},"rotation":{"x":0.026693815365433694,"y":0.014152953401207924,"z":0.00023388321278616786,"w":-0.9997644424438477},"size":0.0016173202311620117,"orthographic":false}