{"cameraMode":{"drawMode":0,"name":"Shaded","section":"Shading Mode"},"sceneLighting":false,"audioPlay":false,"sceneViewState":{"m_AlwaysRefresh":false,"showFog":true,"showSkybox":false,"showFlares":true,"showImageEffects":true,"showParticleSystems":true,"showVisualEffectGraphs":true,"m_FxEnabled":true},"in2DMode":false,"pivot":{"x":-13.693490028381348,"y":14.15999984741211,"z":6.186319351196289},"rotation":{"x":-0.0023533012717962267,"y":-0.9341982007026672,"z":-0.006797110661864281,"w":0.35705822706222536},"size":40.55933380126953,"orthographic":false}