{"cameraMode":{"drawMode":0,"name":"Shaded","section":"Shading Mode"},"sceneLighting":false,"audioPlay":false,"sceneViewState":{"m_AlwaysRefresh":false,"showFog":true,"showSkybox":false,"showFlares":true,"showImageEffects":true,"showParticleSystems":true,"showVisualEffectGraphs":true,"m_FxEnabled":true},"in2DMode":false,"pivot":{"x":4.5315093994140629,"y":0.8720351457595825,"z":-6.016208648681641},"rotation":{"x":-0.058438949286937717,"y":0.32126715779304507,"z":-0.02005035988986492,"w":-0.9452061653137207},"size":0.000017320508050033823,"orthographic":false}